m,w
milad karimi,kaylia nemour
artem dolgopyat,pauline schaefer betz
artur davtyan,alexa moreno
krisztofer meszaros,filipa martins
junho lee,aleah finnegan
diogo soares,bettina lili czifra
luka van den keybus,alba petisco
andrei vasile muntean,anna lashchevska
carlos edriel yulo,lena bickel
rhys mc clenaghan,hillary heron
eleftherios petrounias,caitlin rooskrantz
kevin penev,sona artamonova
noah kuavita,lihie raz
tin srbic,lucija hribar
,csenge maria bacskay
,ahtziri sandoval
,ana perez
,sarah voss